Data of census 2001 of Pune Municipal Corporation Published by CENSUS OF INDIA ,Column1,Column2,Column3,Column4,Column5,Column6,Column7,Column8,Column9,Column10,Column11,Column12,Column13,Column14,Column15,Column16,Column17,Column18,Column19,Column20,Area of town/ward in  -243.049.sq km,Column22,Column23
Name of Town/Ward,No of House Holds,Total Population (includin instituional) and Houseless Population,,,Scheduled Castes,,,Schedules Tribes,,,Literates,,,illiterates,,,Total Population in the age group (0-6),,,Ward office name,Ward Name in English,Ward Name in Marathi,
,,Population,Male,Female,Population,Male,Female,Population,Male,Female,Population,Male,Female,Population,Male,Female,Population,Male,Female,,,,
Pmc,555771,2538473,1321338,1217135,298841,152258,146583,24442,12840,11602,1930063,1064508,865555,608410,256830,351580,302960,158672,144288,,,,
 Ward No.1 ,5510,22980,12076,10904,4250,2188,2062,282,139,143,17142,9509,7633,5838,2567,3271,2665,1347,1318,Aundh , Aundh ITI,Aundh ,औध आ टी आय ओैंध,
 Ward No.2,3845,18220,9783,8437,1842,997,845,511,264,247,15072,8453,6619,3148,1330,1818,1795,987,808,Aundh , AundhGaon,Aundh ,औध गांव, ओैंध,
 Ward No.3 ,3549,16500,8421,8079,3058,1565,1493,175,97,78,13528,7229,6299,2972,1192,1780,1695,903,792,Aundh ,Anandnagar ,Bopodi,Aundh फ,आनंदनगर, बोपोडी,ओैंध,
 Ward No.4 ,3409,16266,8189,8077,2912,1439,1473,330,167,163,12609,6877,5732,3657,1312,2345,1810,911,899,Aundh ,Bopodi Gaothan,Aundh ,बोपोडी, गांवठांण,ओैंध,
 Ward No.5 ,749,3081,1628,1453,365,198,167,44,22,22,2100,1179,921,981,449,532,524,280,244,Aundh ,Vir Bhagatsingh Vidhyalaya,Aundh ,विरभगतसिंग विद्यालय.ओैंध,
 Ward No.6 ,2733,10722,5904,4818,550,274,276,77,41,36,8687,4985,3702,2035,919,1116,1433,741,692,Aundh ,Dapodi,Aundh ,दोपोडी.ओैंध,
 Ward No.7,1813,9216,4665,4551,1817,935,882,94,48,46,6776,3696,3080,2440,969,1471,1138,584,554,Aundh ,C.M.E,Bopodi,Aundh ,सी.एम.र्इ बोपोडी.ओैंध,
 Ward No.8 ,2863,13127,6871,6256,2848,1445,1403,118,59,59,10311,5786,4525,2816,1085,1731,1507,757,750,Yerwada,Siddharth Davakhana,Yerawada,सिध्दार्थ दवाखाना. येरवडा,
 Ward No.9 ,4330,19315,9820,9495,2722,1376,1346,228,119,109,13765,7497,6268,5550,2323,3227,2576,1349,1227,Yerwada,Husensaha Babanagar,Yerawada,हुसेनशहा बाबानगर.येरवडा,
 Ward No.10 ,2598,15326,7826,7500,3273,1663,1610,270,136,134,11406,6132,5274,3920,1694,2226,1509,796,713,Yerwada,Fulenagar,Yerawada,फुलेनगर.येरवडा,
 Ward No.11 ,4435,21572,12213,9359,4173,2154,2019,259,142,117,16869,10260,6609,4703,1953,2750,2486,1320,1166,Yerwada,Don Bosco Highschool,Yerawada,डॉन बॉस्को हायस्कूल.येरवडा,
 Ward No.12 ,4214,19022,9706,9316,2182,1078,1104,217,101,116,15889,8433,7456,3133,1273,1860,1975,1057,918,Yerwada, Maharashtra Housing Board ,Yerawada,महाराष्ट्र हौसिंग बोर्ड.येरवडा,
 Ward No.13 ,4079,22280,13090,9190,3609,1848,1761,242,141,101,15764,9450,6314,6516,3640,2876,2552,1374,1178,Yerwada, Prizem Press,Yerawada,प्रिझम प्रेस.येरवडा,
 Ward No.14 ,5009,21941,11437,10504,4910,2492,2418,134,81,53,15086,8444,6642,6855,2993,3862,3039,1587,1452,Yerwada, Lohagaon Vimantal,Yerwada,लोहगांव विमानतळ.येरवडा,
 Ward No.15,2762,11784,6300,5484,648,320,328,53,30,23,9684,5334,4350,2100,966,1134,1225,675,550,Yerwada,Kasturba Smark,Yerwada,कस्तुरबा स्मारक.येरवडा,
Ward No.16,3415,15474,8023,7451,2781,1423,1358,161,97,64,11307,6244,5063,4167,1779,2388,1678,850,828,Dholepatil,Koregaon Park,Dholepatilroad,कोरेगांव पार्क. ढोलेपाटील,
Ward No.17,3077,14164,7347,6817,1562,782,780,104,56,48,10548,5850,4698,3616,1497,2119,1782,939,843,Hadapsar,Mundhava,Hadapsar,मूंढवा. हडपसर,
 Ward No.18,3641,17164,8959,8205,2311,1190,1121,41,24,17,12435,7032,5403,4729,1927,2802,2093,1105,988,Dholepatil,VikasNagar Dholepatilroad,विकासनगर.ढोलेपाटील,
 Ward No.19,4488,21478,11332,10146,4704,2415,2289,158,86,72,14921,8625,6296,6557,2707,3850,2900,1513,1387,Hadapsar,Magarpatta,Hadapsar,मगरपट्टा. हडपसर,
 Ward No.20,4956,21845,11411,10434,3132,1645,1487,277,150,127,16309,9106,7203,5536,2305,3231,2781,1464,1317,Hadapsar,Sadhana vidhyalaya,Hadapsar,साधना विद्यालय.हडपसर,
 Ward No.21,4551,20580,10625,9955,2046,1062,984,82,42,40,15807,8612,7195,4773,2013,2760,2474,1342,1132,Hadapsar,Hadapsar Gaon,हडपसर गांव,
 Ward No.22,4757,21877,11477,10400,3060,1570,1490,300,157,143,14189,8288,5901,7688,3189,4499,3363,1734,1629,Hadapsar,Vaiduwadi Hadapsar,वैदवाडी.हडपसर,
 Ward No.23,4237,20007,10223,9784,6202,3186,3016,98,43,55,12747,7185,5562,7260,3038,4222,2822,1455,1367,Hadapsar,Ramtekdi,Hadapsar,रामटेकडी.हडपसर,
 Ward No.24,3578,16304,8517,7787,1686,856,830,356,184,172,13426,7283,6143,2878,1234,1644,1755,935,820,Hadapsar,Wanwadi Gaon,Hadapsar,वानवडी गांव.हडपसर,
 Ward No.25,4796,21087,10934,10153,1681,871,810,202,108,94,16843,9034,7809,4244,1900,2344,2485,1342,1143,Hadapsar,Mahadji Shinde Chatri,Hadapsar,महादजी शिंदे छत्री.हडपसर,
Ward No.26,6870,28953,14742,14211,3588,1798,1790,89,46,43,22109,11749,10360,6844,2993,3851,3386,1776,1610,Bibvewadi,Kondhava,Bibvewadi,कोढवा.बिबवेवाडी,
 Ward No.27,3502,16116,8113,8003,1465,727,738,193,99,94,13407,6953,6454,2709,1160,1549,1685,846,839,Bibvewadi,D.A.D Colony,kondhava,डी.ए.डी.कॉलनी.कोंढवा,
Ward No.28,4404,22212,11614,10598,5047,2587,2460,97,49,48,14212,8063,6149,8000,3551,4449,3233,1693,1540,Bibvewadi,Marketyard ,Bibvewadi,मार्केटयार्डे.बिबवेवाडी,
 Ward No.29,3533,15820,8217,7603,1191,588,603,100,58,42,11933,6486,5447,3887,1731,2156,1888,990,898,Bibvewadi,Bibvewadi Gavthan,बिबवेवाडी गावठांण,
Ward No.30,7849,36004,18849,17155,5480,2849,2631,305,148,157,26775,14975,11800,9229,3874,5355,4697,2486,2211,Bibvewadi,Vishwkarma Institute ,Bibvewadi,विश्वकर्मा इन्स्टिटयूड,
 Ward No.31,3969,17590,9439,8151,3158,1629,1529,148,76,72,12153,6991,5162,5437,2448,2989,2623,1364,1259,Bibvewadi,Katraj Udhyan,Bibvewadi,कात्रज उद्यान.बिबवेवाडी,
Ward No.32,3801,18172,9455,8717,1547,795,752,106,59,47,14030,7676,6354,4142,1779,2363,1986,1060,926,Bibvewadi,Shankar Maharaj Math,Bibvewadi,शंकर महाराज मठ्. बिबवेवाडी,
Ward No.33,2181,9858,5035,4823,184,99,85,33,18,15,8529,4402,4127,1329,633,696,847,455,392,Sahakarnagar,Padmavati Mandir,Sahakarnagar,पद्मावती मंदीर. सहकारनगर,
 Ward No.34,4127,19465,10120,9345,4670,2320,2350,265,125,140,14764,8151,6613,4701,1969,2732,2273,1220,1053,Sahakarnagar,ChavanNagar ,Dhankawadi,चव्हाणनगर. धनकवडी,
 Ward No.35,2553,12802,6696,6106,8075,4207,3868,30,13,17,8179,4794,3385,4623,1902,2721,1840,963,877,Sahakarnagar,Vi.S.Khandekar Vidhyala,Sahakarnagar,वि.स.खांडेकर विद्यालय,
 Ward No.36,3072,14924,7700,7224,2079,1043,1036,118,58,60,11886,6488,5398,3038,1212,1826,1381,700,681,Sahakarnagar,Parvati Industrial Estate ,Sahakarnagar,पर्वती इंडस्ट्रीयल इस्टेट.,
Ward No.37,3227,13759,6934,6825,709,374,335,66,32,34,12047,6160,5887,1712,774,938,1092,566,526,Sahakarnagar,Gandhi Training Collage,Sahakarnagar,गांधी ट्रेनिंग कॉलेज.,
 Ward No.38,2575,12785,6540,6245,1930,967,963,97,48,49,10279,5605,4674,2506,935,1571,1263,632,631,Sahakarnagar,Laxminagar,Parvati,लक्ष्मीनगर.पर्वती,
 Ward No.39,6461,26879,14498,12381,2953,1541,1412,342,179,163,17081,10290,6791,9798,4208,5590,4689,2453,2236,Sahakarnagar,Jantavasahat,Parvati,जनता वसाहत. पर्वती,
Ward No.40,3279,15495,7959,7536,6477,3266,3211,161,83,78,9716,5537,4179,5779,2422,3357,2127,1101,1026,Tilakroad,Parvati Jal Kendra,Tilakroad,पर्वती जलकेंद्र. टिळक रोड,
Ward No.41,2718,12724,6516,6208,2757,1388,1369,151,85,66,9146,5218,3928,3578,1298,2280,1557,746,811,Tilakroad,Dandekar Pul,Tilakroad,दांडेकर पूल. टिळक रोड,
Ward No.42,3739,16178,8284,7894,2452,1242,1210,124,69,55,12356,6631,5725,3822,1653,2169,1696,905,791,Tilakroad,Jaydeo Pul,Tilakroad,जयदेव पूल. टिळक रोड,
 Ward No.43,3813,15417,8023,7394,814,392,422,112,69,43,12999,6958,6041,2418,1065,1353,1219,661,558,karveroad,Erandvana,Gaothan,Karveroad,एरंडवणा गांवठाण. कर्वेरोड,
 Ward No.44,2845,11763,5554,6209,453,193,260,24,10,14,10128,4892,5236,1635,662,973,832,405,427,karveroad,S.N,D.T,Karveraod,एस.एन डी.टी. कर्वेरोड,
 Ward No.45,3653,17103,9010,8093,1319,674,645,310,171,139,12217,7138,5079,4886,1872,3014,2078,1053,1025,karveroad,More Vidhyalaya,Karveroad,मोरे विद्यालय. कर्वेरोड,
Ward No.46,3118,12092,6265,5827,689,369,320,11,7,4,10860,5722,5138,1232,543,689,764,391,373,karveroad,Shila Vihar Colony,Karveroad ,शिला विहार कॉलनी.कर्वेरोड,
Ward No.47,4240,16636,8533,8103,311,165,146,54,30,24,13945,7316,6629,2691,1217,1474,1322,669,653,karveroad,Dindayal Upadhya Vidhyalaya,Karveroad,दिनदयाळ उपाध्यय विद्यालय,
 Ward No.48,5561,22195,11209,10986,1181,592,589,198,113,85,17837,9265,8572,4358,1944,2414,2225,1157,1068,karveroad,Navsahyadri Society,Higne,Karveroad,नवसह्याद्री सोसायटी.हिंगणे,
 Ward No.49,5819,26479,13026,13453,855,392,463,156,76,80,21933,11058,10875,4546,1968,2578,2802,1425,1377,karveroad,Higne Stri Shikshan Sastha,Karveroad,हिंगणे स्त्री शिक्षण संस्था.,
 Ward No.50,4553,20189,11026,9163,1025,545,480,253,147,106,14178,8410,5768,6011,2616,3395,2888,1534,1354,karveroad,Higne Gavthan,Karveroad,हिेंगणे गावठांण कर्वेरोड,
Ward No.51,6907,27687,14236,13451,1678,872,806,163,82,81,20560,10838,9722,7127,3398,3729,3325,1793,1532,karveroad,Kothrud Gavthan,Karveroad,कोथरूड-गांवठाण.कर्वेरोड,
Ward No.52,4356,18512,9935,8577,2074,1111,963,125,65,60,14321,8138,6183,4191,1797,2394,2200,1173,1027,karveroad,Gandhi Bhavan,kothrud,Karveroad,गांधी भवन कोथरूड.कर्वेरोड,
 Ward No.53,4424,18068,9418,8650,727,389,338,263,125,138,15284,8188,7096,2784,1230,1554,1721,926,795,karveroad,Thorat Udhyan,Kothrud,Karveroad,थोरात उद्यान. कोथरूड,
Ward No.54,7663,32421,17342,15079,1938,975,963,234,131,103,24039,13793,10246,8382,3549,4833,4092,2128,1964,karveroad,JayBhavani Nagar ,Kothrud,Karveroad,जयभवानी नगर..,
 Ward No.55,5030,20346,10556,9790,1155,596,559,66,37,29,16636,8921,7715,3710,1635,2075,2019,1039,980,karveroad,Gurujan Society ,Karveroad,गरूजन सोसायटी.कर्वेरोड,
 Ward No.56,5642,23993,13007,10986,2660,1404,1256,1247,641,606,16503,9694,6809,7490,3313,4177,3320,1729,1591,Aundh ,Sutarwadi,Pashan,Aundh,सुतारवाडी-पाषाण. औंध,
Ward No.57,4330,18425,9507,8918,2463,1267,1196,262,134,128,13094,7208,5886,5331,2299,3032,2397,1217,1180,Aundh ,N.C.L,Aundh,नॅशनल केमिकल लॅब. औंध,
Ward No.58,2375,9704,5037,4667,561,280,281,251,126,125,8304,4435,3869,1400,602,798,833,415,418,Aundh ,Rajbhavan ,Aundh,राजभवन. औध,
Ward No.59,3669,17531,9128,8403,1252,655,597,317,169,148,12259,6978,5281,5272,2150,3122,2115,1098,1017,Gholeroad,Janwadi ,Gholeroad,जनवाडी.घोलेरोड,
 Ward No.60,2848,12440,6493,5947,1366,703,663,96,58,38,10669,5702,4967,1771,791,980,1053,581,472,Gholeroad,Govt Politecnical,Gholeroad,गर्व्हमेंट पॉलिटेक्‍नीकल.,
Ward No.61,2995,13643,7199,6444,908,465,443,444,228,216,10893,6043,4850,2750,1156,1594,1251,656,595,Gholeroad,Shetki Mahavidhyalaya,Gholeroad,शेतकी महाविद्यालय. घोलेरोड,
 Ward No.62,3030,15430,7952,7478,3139,1612,1527,134,71,63,10584,5905,4679,4846,2047,2799,2013,1066,947,Gholeroad,Shaskiya Dhudh Deairy,Gholeroad,शासकीय दूध डेअरी.घोलेरोड,
 Ward No.63,2734,13502,7053,6449,1917,994,923,115,55,60,9994,5659,4335,3508,1394,2114,1682,857,825,Yerwada,Deccan Collage,Yerwada,डेक्‍कन कॉलेज.येरवडा,
 Ward No.64,2960,14371,7450,6921,3784,1903,1881,103,51,52,9072,5247,3825,5299,2203,3096,2151,1131,1020,Yerwada,Gurudwar ,Yerwada,गुरूव्दार.येरवडा,
 Ward No.65,3096,15994,8228,7766,2637,1317,1320,76,40,36,10638,5990,4648,5356,2238,3118,2194,1153,1041,Yerwada,Parnkuti ,Yerwada,पर्णकुटी. येरवडा,
Ward No.66,2599,13066,6742,6324,1594,812,782,97,50,47,10108,5591,4517,2958,1151,1807,1529,820,709,Yerwada,Ganesh Nagar,Yerwada,गणेश नगर.येरवडा,
 Ward No.67,2661,13800,6908,6892,4294,2093,2201,51,23,28,9747,5374,4373,4053,1534,2519,1694,880,814,Yerwada,Netaji Subhashchandra Bos Vidhyamandir,Yerwada,नेताजी सुभाषचंद्र बोस,
 Ward No.68,1743,8469,4380,4089,1761,903,858,77,39,38,6173,3437,2736,2296,943,1353,1011,527,484,Yerwada,Gunjan Cenema, Yerwada,गुंजन सिनेमा.येरवडा,
 Ward No.69,3375,15756,8080,7676,4454,2306,2148,213,123,90,11433,6326,5107,4323,1754,2569,1896,959,937,Dholepatil,Mahatma Gandhi Udhyan,Dholepatilroad,महात्मा गांधी उद्यान.ढोलेपाटील,
Ward No.70,3036,14848,7499,7349,2224,1150,1074,116,67,49,11406,6095,5311,3442,1404,2038,1653,845,808,Dholepatil,Wadiya Collage,Dholepatilroad,वाडीया कॉलेज.ढोलेपाटील,
Ward No.71,3020,15016,7993,7023,3511,1783,1728,179,99,80,10321,6088,4233,4695,1905,2790,2001,1018,983,Kasba,DR.Nayadu Hospital,Kasba,डॉ.नायडू हॉस्पिटल. कसबा,
Ward No.72,2093,11754,5917,5837,2601,1276,1325,71,35,36,8882,4765,4117,2872,1152,1720,1334,696,638,Kasba,Sasoon Hospital,Kasba,ससून हॉस्पिटल. कसबा,
Ward No.73,2335,11208,5959,5249,1025,537,488,57,35,22,9629,5231,4398,1579,728,851,820,447,373,Kasba,Dr.Babasaheb Aambedkar Udhyan,Kasba,डॉ.बाबासाहेब आंबेडकर उद्यान कसबा,
 Ward No.74,2757,12671,6366,6305,147,70,77,146,67,79,11094,5716,5378,1577,650,927,1032,541,491,Bhavanipeth,K.E.M Hospital,Bhavanipeth,के.र्इ.एम.हॉस्पिटल. भवानी पेठ,
Ward No.75,2156,10916,5444,5472,179,90,89,31,19,12,9232,4751,4481,1684,693,991,1025,524,501,Bhavanipeth,Rastapeth,Power House,Bhavanipeth,रास्ता पेठ.पॉवर हाऊस.,
 Ward No.76,2083,11155,5588,5567,912,450,462,9,4,5,9049,4823,4226,2106,765,1341,1118,559,559,Bhavanipeth,Parshi Agyari,Bhavanipeth,पारशी आगेरी.भवानी पेठ,
Ward No.77,2007,11822,5822,6000,4704,2336,2368,50,27,23,8745,4693,4052,3077,1129,1948,1481,767,714,Bhavanipeth,Rajewadi,Bhavanipeth,राजेवाडी.भवानी पेठ,
Ward No.78,1923,10816,5495,5321,1123,567,556,75,35,40,8415,4620,3795,2401,875,1526,1184,617,567,Bhavanipeth,Laxmi Bazat,Bhavanipeth,लक्ष्मीबाझार.भवानी पेठ,
 Ward No.79,2054,9911,4885,5026,473,228,245,6,3,3,8374,4286,4088,1537,599,938,830,435,395,Bhavanipeth,Bhavani Mata Mandir,Bhavanipeth,भवानीमाता मंदीर.भवानी पेठ,
 Ward No.80,2435,12743,6485,6258,2383,1187,1196,8,4,4,10154,5475,4679,2589,1010,1579,1313,681,632,Bhavanipeth,JRL Arunkumar Vaidya Stedium,Bhavanipeth,ज.अरूणकुमार वैद्य स्टे. भवानी पेठ,
 Ward No.81,2260,12365,6311,6054,2961,1471,1490,104,48,56,7947,4541,3406,4418,1770,2648,1707,859,848,Bhavanipeth,Timber Market,Bhavanipeth,टिंबर मार्केट. भवानी पेठ,
 Ward No.82,2214,11838,6104,5734,2227,1143,1084,127,68,59,8553,4787,3766,3285,1317,1968,1401,719,682,Bhavanipeth,Ekbote Colony,Bhavanipeth,एकबोटे कॉलनी. भवानी पेठ,
Ward No.83,1435,8099,4169,3930,1634,820,814,16,9,7,4885,2811,2074,3214,1358,1856,1160,573,587,Bhavanipeth,Sonavane Hospital,Bhavanipeth,सानवणे हॉस्पिटल. भवानी पेठ,
 Ward No.84,3151,18337,9292,9045,6335,3188,3147,8,5,3,11653,6575,5078,6684,2717,3967,2547,1274,1273,Bhavanipeth,Gurunank Nagar,Bhavanipeth,गरूनानक नगर भवानी पेठ.,
Ward No.85,3077,15045,7594,7451,3202,1620,1582,109,54,55,10738,5821,4917,4307,1773,2534,1794,922,872,Bibvewadi,Mira Housing Society,Bibvewadi,मिरा हौऊसिंग सोसायटी. बिबवेवाडी,
 Ward No.86,3490,17510,9153,8357,2346,1205,1141,178,91,87,12041,6826,5215,5469,2327,3142,2263,1173,1090,Bibvewadi,M.N.P Vehical Depot ,Bibvewadi,म.न.पा व्हेर्इकल डेपो.बिबवेवाडी,
 Ward No.87,2408,11719,5945,5774,324,171,153,51,26,25,10152,5275,4877,1567,670,897,1040,524,516,Sahakarnagar,Adhinath Society,Sahakarnagar,आदिनाथ सोसायटी. सहकारनगर,
 Ward No.88,2277,11564,5826,5738,1472,735,737,140,64,76,8833,4807,4026,2731,1019,1712,1260,603,657,Sahakarnagar,MitraMandal Colony,Sahakarnagar,मित्रमंडळ कॅलनी. सहकारनगर,
 Ward No.89,2317,10842,5469,5373,1319,657,662,88,42,46,8625,4633,3992,2217,836,1381,1092,543,549,Sahakarnagar,Parvati Gavthan,Sahakarnagar,पर्वती गांवठाण. सहकारनगर,
 Ward No.90,1862,9393,4856,4537,1201,612,589,70,32,38,7644,4165,3479,1749,691,1058,956,529,427,Tilakroad,Swarget Police Line,Tilakroad,स्वारगेट पोलीस लार्इन. टिळक रोड,
Ward No.91,2684,12149,6117,6032,1135,573,562,58,33,25,10185,5351,4834,1964,766,1198,976,519,457,Tilakroad,Sarasbaug,Tilakroad,सारसबाग. टिळकरोड,
Ward No.92,3045,12449,6295,6154,190,103,87,39,19,20,11068,5757,5311,1381,538,843,820,410,410,Vishrambaug,Bharat Natyamandir,Vishrambaugwada,भरत नाट्यमंदीर विश्रामबाग वाडा,
Ward No.93,3014,12879,6450,6429,985,497,488,47,23,24,10873,5650,5223,2006,800,1206,1038,525,513,Tilakroad,S.P.Collage,Tilakroad,एस.पी.कॉलेज. टिळक रोड,
Ward No.94,3084,13562,6902,6660,1116,568,548,78,37,41,11029,5880,5149,2533,1022,1511,1324,705,619,Tilakroad,Rajedra,Tilakroad,रोजेंद्र नगर .टिळक रोड,
Ward No.95,3564,14675,6959,7716,110,49,61,22,15,7,12885,6251,6634,1790,708,1082,1008,500,508,Gholeroad,Deccan Jimkhana,Gholeroad,डेक्‍कन जिमखाना,
Ward No.96,2605,13414,7003,6411,1422,695,727,203,102,101,10418,5797,4621,2996,1206,1790,1449,780,669,Gholeroad,PatrakarNagar,Gholerod,पत्रकारनगर घोलेरोड.,
Ward No.97,2667,13889,7600,6289,503,262,241,112,59,53,11163,6574,4589,2726,1026,1700,1204,611,593,Gholeroad,B.M.C.C,Gholeroad,बृहन महाराष्ट्र कॉ. कॉलेज, घोलेरोड,
Ward No.98,1864,9837,5002,4835,2792,1353,1439,32,15,17,6055,3503,2552,3782,1499,2283,1339,678,661,Gholeroad,Vadarvadi,Gholeroad,वडारवाडी. घोलेरोड,
 Ward No.99,3697,16920,8762,8158,1073,555,518,197,95,102,12119,6879,5240,4801,1883,2918,1866,959,907,Gholeroad,Model Colony,Gholeraod,मॉडेल कॉलनी.घोलेरोड,
 Ward No.100,2377,11375,6148,5227,706,376,330,163,94,69,9863,5528,4335,1512,620,892,812,430,382,Gholeroad,JagaliMaharaj Road,Gholeroad,जंगली महाराज रोड. घोलेरोड,
Ward No.101,2802,14243,7393,6850,2717,1341,1376,106,57,49,9647,5559,4088,4596,1834,2762,1742,899,843,Gholeroad,Engginering Collage,Gholeroad,इंजिनिअरींग कॉलेज.घोलेरोड,
Ward No.102,2694,14278,7626,6652,4546,2300,2246,71,38,33,8924,5217,3707,5354,2409,2945,1914,990,924,Kasba,Shivji Stedium,Kasba,शिवाजी स्टेडियम.कसबा,
 Ward No.103,2396,12586,6337,6249,995,494,501,114,64,50,9624,5143,4481,2962,1194,1768,1419,750,669,Kasba,Kasvba Pamping Station ,Kasba,कसबा पंपिंग स्टेशन. कसबा,
Ward No.104,2362,10809,5370,5439,309,156,153,57,24,33,9323,4771,4552,1486,599,887,946,496,450,Kasba,Kamla Neheru Hospital,Kasba,कमला नेहरू हॉस्पिटल. कसबा,
 Ward No.105,2202,9845,4996,4849,5,3,2,45,21,24,8468,4464,4004,1377,532,845,834,462,372,Kasba,Gaokos Maruti,Kasba,गावकोस मारूती.कसबा,
 Ward No.106,2122,10623,5382,5241,338,166,172,124,63,61,8633,4587,4046,1990,795,1195,1023,527,496,Kasba,Ganeshpeth,Gurudwar,Kasba,गणेश पेठ गुरूव्दार.कसबा,
Ward No.107,1927,11032,5652,5380,175,87,88,17,9,8,8758,4762,3996,2274,890,1384,1222,603,619,Kasba,Someshwar Mandir,Kasba,सोमेश्वर मंदीर.कसबा,
Ward No.108,1930,10159,5205,4954,962,492,470,50,28,22,8106,4460,3646,2053,745,1308,1045,531,514,Bhavanipeth,Burud Brij,Bhavanipeth,बुरूड ब्रिज.भवानी पेठ,
 Ward No.109,2166,11689,5918,5771,3953,1932,2021,25,13,12,8085,4545,3540,3604,1373,2231,1449,732,717,Bhavanipeth,Samata Bhumi,Bhavanipeth,समता भूमी, भवानी पेठ,
Ward No.110,2311,13334,6760,6574,2287,1121,1166,64,29,35,10279,5594,4685,3055,1166,1889,1515,789,726,Tilakroad,Mahatma Gandhi Vidhyalaya ,Tilakroad,महात्मा गांधी विद्यालय, टिळक रोड,
Ward No.111,2282,12700,6358,6342,628,339,289,57,32,25,10296,5359,4937,2404,999,1405,1393,751,642,Tilakroad,Panchhoud mission,Tilakroad,पंचहौद मिशन.टिळक रोड,
Ward No.112,2299,11631,5838,5793,208,98,110,131,65,66,9700,5106,4594,1931,732,1199,1086,564,522,Vishrambaug,Shivaji Maratha Highschool,Vishrambaugwada,शिवाजी मराठा हायस्कूल, विश्रामबागवाडा,
Ward No.113,2061,10261,5207,5054,62,29,33,27,11,16,8665,4560,4105,1596,647,949,946,513,433,Vishrambaug,Jain Mandir ,Vishrambaugwada,जैन मंदीर, विश्रामबागवाडा,
Ward No.114,1984,10567,5448,5119,287,140,147,50,32,18,8785,4752,4033,1782,696,1086,988,519,469,Vishrambaug,Dr.Kotnis davakhana,Vishrambaugwada,डॉ. कोटणीस द.विश्रामबागवाडा,
Ward No.115,3108,13516,6834,6682,192,96,96,16,8,8,11947,6212,5735,1569,622,947,977,531,446,Vishrambaug,Raja kelkar Sangrahlya Vishrambaugwada,राजा केळकर सं,विश्रामबागवाडा,
Ward No.116,2540,10536,5219,5317,83,17,66,14,2,12,9543,4784,4759,993,435,558,680,359,321,Vishrambaug,Vishrambaugwada,विश्रामबागवाडा,विश्रामबागवाडा,
Ward No.117,2717,10957,5462,5495,67,40,27,10,6,4,9945,5020,4925,1012,442,570,682,349,333,Vishrambaug,Kesriwada,vishrambaugwada,केसरीवाडा, विश्रामबागवाडा,
 Ward No.118,2302,9961,4982,4979,462,229,233,63,28,35,8644,4413,4231,1317,569,748,661,355,306,Vishrambaug,Dyanprabodhini,Vishrambaugwada,ज्ञानप्रबोधिनी, विश्रामबागवाडा,
Ward No.119,2497,11249,5785,5464,105,57,48,70,38,32,9627,5119,4508,1622,666,956,835,444,391,Gholeroad,Balgandharv Rangmandir,Gholeroad,बालगंधर्व रंगमंदीर, घोलेरोड,
Ward No.120,3314,13178,6719,6459,95,46,49,17,8,9,11772,6114,5658,1406,605,801,894,469,425,Vishrambaug,Shaniwarwada,Vishrambaugwada,शनिवारवाडा,विश्रामबागवाडा,
Ward No.121,2363,10460,5328,5132,62,31,31,82,40,42,9279,4854,4425,1181,474,707,741,372,369,Kasba,Kasba Ganpati,Kasba,कसबा गणपती, कसबा पेठ,
 Ward No.122,1818,8350,3983,4367,129,44,85,29,11,18,6959,3531,3428,1391,452,939,589,312,277,Kasba,Sonya Maruti Mandir,Kasba,सोनन्या मारूती मंदीर, कसबा पेठ,
Ward No.123,1797,9799,4269,5530,890,187,703,8,4,4,6954,3630,3324,2845,639,2206,843,447,396,Kasba,City Post,Kasba,सिटी पोस्ट, कसबा पेठ,
Ward No.124,2321,9534,4932,4602,58,27,31,0,0,0,8316,4407,3909,1218,525,693,686,373,313,Vishrambaug,Mahatma phule Mandi,Vishrambaugwada,महात्मा फुले मंडर्इ, विश्रामबागवाडा,
Ward No.125,2958,12962,6775,6187,1489,762,727,261,137,124,10507,5802,4705,2455,973,1482,1488,754,734,Yerwada,Kalas,Yerwada,कळस, येरवडा,
Ward No.126,5612,25364,13312,12052,3321,1696,1625,945,509,436,19679,10973,8706,5685,2339,3346,3341,1730,1611,Yerwada,Dhanori,Yerwada,धानोरी, येरवडा,
 Ward No.127,3390,15428,8220,7208,1923,1018,905,293,157,136,10947,6334,4613,4481,1886,2595,2224,1187,1037,Yerwada,Lohagaon,Yerwada,लोहगांव, येरवडा,
Ward No.128,8835,39348,21087,18261,4812,2547,2265,376,218,158,27084,15809,11275,12264,5278,6986,6407,3377,3030,Yerwada,Kharadi,Yerwada,खराडी, येरवडा,
Ward No.129,11949,52803,27829,24974,3982,2065,1917,450,230,220,41038,22730,18308,11765,5099,6666,7018,3755,3263,Yerwada,Wadgonsheri,Yerwada,वडगांव शेरी,येरवडा,
 Ward No.130,3494,14934,8025,6909,1493,771,722,192,106,86,10804,6243,4561,4130,1782,2348,2285,1184,1101,Hadapsar,Mundhava Urvarit (Keshavnagar) Hadapsar,मुढवा उर्वरीत (केशवनगर, हडपसर),
 Ward No.131,8210,36875,19462,17413,2836,1481,1355,312,163,149,26715,15148,11567,10160,4314,5846,5751,3023,2728,Hadapsar,SasaneNagar,Sadesatranali,Hadapsar,ससाणे नगर, साडेसतरानळी, हडपसर,
 Ward No.132,5908,25807,13771,12036,1474,773,701,156,84,72,21322,11749,9573,4485,2022,2463,2974,1672,1302,Hadapsar,Vitthalnagar,Hadapsar,विठ्ठलनगर, हडपसर,
Ward No.133,5242,24509,12901,11608,3945,2064,1881,318,167,151,17017,9841,7176,7492,3060,4432,3309,1758,1551,Hadapsar,Manjri Bk,Hadapsar,मांजरी बुदु्क, हडपसर,
Ward No.134,1786,8140,4348,3792,1740,861,879,53,30,23,5459,3246,2213,2681,1102,1579,1270,680,590,Hadapsar,Mohamadwadi,Hadapsar,मोहंमदवाडभ, हडपसर,
Ward No.135,708,2744,1488,1256,347,184,163,76,38,38,1811,1082,729,933,406,527,407,221,186,Bibvewadi,Pisoli,Bibvewdi,पिसोळी, बिबवेवाडभ,
Ward No.136,568,2478,1328,1150,357,191,166,53,28,25,1522,905,617,956,423,533,398,210,188,Bibvewadi,Undri,Bibvewdi,उंड्री, बिबवेवाडी,
 Ward No.137,4898,23746,12591,11155,1425,735,690,91,49,42,16490,9276,7214,7256,3315,3941,3852,2020,1832,Bibvewadi,Kodhwa Khurd,Bibvewadi,कोंढवा खुर्द, बिबवेवाडी,
 Ward No.138,3703,16646,8923,7723,2284,1192,1092,142,67,75,11223,6506,4717,5423,2417,3006,2778,1475,1303,Bibvewadi,Kodhwa Budruk,Bibvewadi,कोंढवा बुदु्क, बिबवेवाडी,
 Ward No.139,6169,27440,14662,12778,1669,876,793,216,118,98,20956,11780,9176,6484,2882,3602,4004,2125,1879,Sahakarnagar,Katraj,Sahakarnagar,कात्रज, सहकारनगर,
 Ward No.140,19462,84496,44749,39747,4735,2434,2301,532,293,239,69338,37886,31452,15158,6863,8295,10249,5539,4710,Sahakarnagar,Dhankawadi,Sahakarnagar,धनकवडी, सहकारनगर,
Ward No.141,4137,17989,9696,8293,1234,639,595,247,132,115,13199,7630,5569,4790,2066,2724,2860,1527,1333,Sahakarnagar,Ambegaon Khurd,Sahakarnagar,आंबेगांव खुर्द, सहकारनगर,
Ward No.142,552,2701,1414,1287,211,111,100,66,30,36,1656,970,686,1045,444,601,477,256,221,Sahakarnagar,Ambegaon Budruk,Sahakarnagar,आंबेगांव बुदु्क, सहकारनगर,
 Ward No.143,880,3859,2053,1806,285,152,133,45,27,18,2507,1485,1022,1352,568,784,679,363,316,Tilakroad,Narhe,Tilakroad,न-हे, टिळक रोड,
Ward No.144,496,2116,1109,1007,159,79,80,18,9,9,1562,867,695,554,242,312,330,175,155,Tilakroad,Vadgaon Khurd,Tilakroad,वडगांव खुर्द, टिळक रोड,
 Ward No.145,4324,18611,9858,8753,1443,739,704,171,85,86,13501,7694,5807,5110,2164,2946,2593,1317,1276,Tilakroad,Dhayari,Tilakroad,धायरी, टिळक रोड,
Ward No.146,1216,5839,3179,2660,627,347,280,52,34,18,3579,2192,1387,2260,987,1273,879,468,411,Tilakroad,Nanded,Tilakroad,नांदेड, टिळक रोड,
Ward No.147,980,4334,2269,2065,734,376,358,106,57,49,3311,1848,1463,1023,421,602,597,316,281,Tilakroad,Kirkatwadi,Tilakroad,किरकटवाडी, टिळक रोड,
Ward No.148,1549,7056,3651,3405,696,369,327,86,43,43,4963,2828,2135,2093,823,1270,966,512,454,Tilakroad,Khadakwasla,Tilakroad,खडकवासला, टिळक रोड,
Ward No.149,11205,44946,24032,20914,2362,1231,1131,282,148,134,34971,19468,15503,9975,4564,5411,6254,3298,2956,Tilakroad,Vadgaon Budruk,Tilakroad,वडगांव बुदु्क, टिळक रोड,
Ward No.150,6105,24829,12888,11941,1107,585,522,96,56,40,19962,10697,9265,4867,2191,2676,3094,1605,1489,Tilakroad,Higne Khurd,Tilakroad,हिंगणे खुर्द, टिळक रोड,
 Ward No.151,10168,43700,23531,20169,4549,2422,2127,850,443,407,30984,17829,13155,12716,5702,7014,6660,3478,3182,karveroad,Warje,Karveroad,वारजे, कर्वेरोड,
 Ward No.152,1432,6661,3636,3025,832,430,402,196,111,85,4918,2849,2069,1743,787,956,880,491,389,karveroad,Shivne,Karveroad,शिवणे, कर्वेरोड,
Ward No.153,1429,6476,3366,3110,1106,562,544,101,56,45,4807,2735,2072,1669,631,1038,817,409,408,karveroad,UttamNagar,Karveroad,उत्तमनगर, कर्वेरोड,
Ward No.154,637,2976,1523,1453,418,218,200,280,137,143,2260,1237,1023,716,286,430,401,210,191,karveroad,New Kopre,Karveroad,न्यू कोपरे, कर्वेरोड,
 Ward No.155,1013,4675,2400,2275,466,237,229,122,64,58,3387,1884,1503,1288,516,772,581,326,255,karveroad,Kondhve Dhawde,Karveroad,कोढवे- घावडे, कर्वेरोड,
 Ward No.156,5395,21037,11032,10005,565,293,272,74,35,39,17218,9302,7916,3819,1730,2089,2493,1297,1196,karveroad,Urvarit Kothrud,Karveroad,उर्वरित कोथरूड, कर्वेरोड,
 Ward No.157,1280,5624,3052,2572,774,401,373,95,54,41,3527,2172,1355,2097,880,1217,981,523,458,Aundh ,Bavdhan Budruk,Aundh,बावधन बुद्रुक, औंध,
 Ward No.158,1505,6025,3218,2807,453,246,207,76,49,27,4103,2365,1738,1922,853,1069,898,466,432,Aundh ,Bavdhan Khurd,Aundh,बावधन खुर्द, औंध,
 Ward No.159,599,2929,1508,1421,116,59,57,25,10,15,1973,1135,838,956,373,583,427,221,206,Aundh ,Sus,Aundh,सूस, औध,
Ward No.160,703,3629,1958,1671,333,180,153,311,178,133,2520,1482,1038,1109,476,633,542,317,225,Aundh ,Mahalunge,Aundh,महाळुंगे, औध,
Ward No.161,879,4069,2193,1876,500,256,244,93,54,39,2715,1622,1093,1354,571,783,624,332,292,Aundh ,Balewadi,Aundh,बालेवाडी, औध,
 Ward No.162,3796,16554,9103,7451,994,506,488,57,27,30,11989,7072,4917,4565,2031,2534,2264,1206,1058,Aundh ,Baner,Aundh,बाणेर, औध,
Total,555771,2538473,1321338,1217135,298841,152258,146583,24442,12840,11602,1930063,1064508,865555,608410,256830,351580,302960,158672,144288,,,,
,,,,,,,,,,,,,,,,,,,,,,,
Population,Male,Female,,,,Toal Pop,Sc,St,Other,,,,Population,Male,Female,,,,,,,,
2538473,1321338,1217135,,,,2538473,298841,24442,2215190,,,,298841,152258,146583,,,,,,,,
,,,,,,,,,,,,,,,,,,,,,,,
,,,,,,,,,,,,,,,,,,,,,,,
,,,,,,,,,,,,,,,,,,,,,,,
,,,,,,,,,,,,,,,,,,,,,,,
,,,,,,,,,,,,,,,,,,,,,,,
,,,,,,,,,,,,,,,,,,,,,,,
,,,,,,,,,,,,,,,,,,,,,,,
,,,,,,,,,,,,,,,,,,,,,,,
,,,,,,,,,,,,,,,,,,,,,,,
,,,,,,,,,,,,,,,,,,,,,,,
,,,,,,Literates,,illiterates,,,,,Literates,illiterates,Tolal,,,,,,,,
Population,Male,Female,,,,Male,Female,Male,Female,,,,1930063,608410,2538473,,,,,,,,
24442,12840,11602,,,,1064508,865555,256830,351580,,,,,,,,,,,,,,
,,,,,,,,,,,,,,,,,,,,,,,
,,,,,,,,,,,,,,,,,,,,,,,
,,,,,,,,,,,,,,,,,,,,,,,
,,,,,,,,,,,,,,,,,,,,,,,
,,,,,,,,,,,,,,,,,,,,,,,
,,,,,,,,,,,,,,,,,,,,,,,
,,,,,,,,,,,,,,,,,,,,,,,
,,,,,,,,,,,,,,,,,,,,,,,
,,,,,,,,,,,,,,,,,,,,,,,
,,,,,,,,,,,,,,,,,,,,,,,
